stu_id,epoch,loss,accuracy
0,1,4.582088470458984,0.625
0,2,3.311141014099121,0.5
1,1,3.4290809631347656,0.5625
1,2,2.939620018005371,0.625
