stu_id,epoch,loss,accuracy
0,1,4.449578285217285,0.5
0,2,4.019652843475342,0.3125
1,1,3.4258675575256348,0.6875
1,2,2.756229877471924,0.6875
